{
  "experiment": "exp13_15_basis_analysis",
  "reference_bases": [
    "dct",
    "wavelet",
    "pca"
  ],
  "alignment": {
    "dct": {
      "teacher": {
        "mean": 0.025979112148300215,
        "std": 0.008957095823808285
      },
      "cd_l2": {
        "mean": 0.016994778029673835,
        "std": 0.0005435525750122571
      },
      "cd_lpips": {
        "mean": 0.016745949562389142,
        "std": 9.764035552623125e-05
      },
      "ct": {
        "mean": 0.01666604500117879,
        "std": 0.00020347621150767115
      }
    },
    "wavelet": {
      "teacher": {
        "mean": 0.2535096232439632,
        "std": 0.027860073477445037
      },
      "cd_l2": {
        "mean": 0.2692165668692566,
        "std": 0.022941605585916965
      },
      "cd_lpips": {
        "mean": 0.2760388264581045,
        "std": 0.012755323455999399
      },
      "ct": {
        "mean": 0.27794569024526494,
        "std": 0.007290972433666788
      }
    },
    "pca": {
      "teacher": {
        "mean": 0.005939321418603262,
        "std": 0.0024748576121961575
      },
      "cd_l2": {
        "mean": 0.003328833604852359,
        "std": 0.0002641335801715128
      },
      "cd_lpips": {
        "mean": 0.003206704879800479,
        "std": 2.1763143385403443e-05
      },
      "ct": {
        "mean": 0.003185736536979675,
        "std": 3.365011080474248e-05
      }
    }
  },
  "teacher_per_rank_alignment": {
    "dct": [
      0.10204689755314411,
      0.11238477526791257,
      0.09407808987165761,
      0.0961861816400586,
      0.08172093571343156,
      0.0631754507625947,
      0.04195852395622015,
      0.03648415804405947,
      0.04587349518454499,
      0.020372073356853395,
      0.021528922106286007,
      0.016936030510172534,
      0.010068175085177808,
      0.008306931985956051,
      0.012094105225630177,
      0.005565105657230386,
      0.0018949367769621774,
      0.003441143428255507,
      0.001748603337404515,
      0.0014189404576277803,
      0.0006600707717521807,
      0.0002524787918088366,
      0.00037420240307586914,
      0.00013374225407084876,
      0.0001857617689039161,
      9.117054489169612e-05,
      0.00012642533209618293,
      0.0001052644062198967,
      5.833477706850284e-05,
      0.00010243747793837682
    ],
    "wavelet": [
      0.1683330446687488,
      0.4001890900596049,
      0.5309059694077212,
      0.5538234273733736,
      0.42645379932583616,
      0.5933009811939386,
      0.4289336433787481,
      0.3773813042861304,
      0.6471750935060668,
      0.3204110239500821,
      0.32027739718558607,
      0.33683120084872187,
      0.21064713173637425,
      0.35514225260041465,
      0.20635269128973477,
      0.2974286651448639,
      0.2470846337131733,
      0.14604029801909335,
      0.12659000822138544,
      0.3041741583167219,
      0.14478223966179535,
      0.0340353985392043,
      0.018574525593541252,
      0.01371898540540012,
      0.1637547480052341,
      0.026357135524148388,
      0.05227942867181234,
      0.015039743596910257,
      0.09111781115601933,
      0.04815286693851439
    ],
    "pca": [
      0.028603136872764643,
      0.030615588053486797,
      0.020277037724068504,
      0.019587243836181496,
      0.015896364186599485,
      0.013223489337109259,
      0.00652836806568513,
      0.007815845840139835,
      0.009461216754004192,
      0.004151172594134198,
      0.005228799745490191,
      0.0032147964637909096,
      0.002095243639237872,
      0.0014962422236424432,
      0.0015819094012313292,
      0.0012891687888358203,
      0.0008563756472217256,
      0.000613543619096327,
      0.0007165126993083961,
      0.0006968420331411525,
      0.000600212920641478,
      0.0006855097682472705,
      0.0004596703238258178,
      0.000490030016535571,
      0.0004360411347878349,
      0.00039159121148344084,
      0.0003625155208225095,
      0.00021372818401706553,
      0.00039229843992214344,
      0.00019914844909492147
    ]
  },
  "pca_singular_values": [
    58.784820556640625,
    41.302696228027344,
    33.04680252075195,
    27.593765258789062,
    26.107053756713867,
    23.113414764404297,
    21.070850372314453,
    19.557004928588867,
    16.80609893798828,
    3.0084822810749756e-06
  ]
}