{
  "experiment": "exp11_12_basis_map_gahb_selectivity",
  "sigma": 0.8,
  "K": 30,
  "d": 12288,
  "n_images": 10,
  "fids": {
    "teacher": 1.4,
    "cd_l2": 4.7,
    "cd_lpips": 2.9,
    "ct": 11.1
  },
  "teacher_per_rank_adaptivity": [
    0.041477772374713374,
    0.11571830225592768,
    0.09383592633999037,
    0.09607428318574289,
    0.13072025301896523,
    0.1314673716874219,
    0.14068676822888507,
    0.137350094958546,
    0.1490207967403997,
    0.1653357540965731,
    0.1657286254816568,
    0.18355420588343338,
    0.16112907194107884,
    0.16383594567717946,
    0.16164829124963184,
    0.1403086090561838,
    0.15767156218921108,
    0.15535411746935848,
    0.1404801536930809,
    0.1411356281879645,
    0.12168261879663475,
    0.1599039336575482,
    0.1469888988002001,
    0.15150717383737805,
    0.12161387092229174,
    0.13586321823454206,
    0.1484347547700241,
    0.1414283677953901,
    0.1476574100225822,
    0.17638135666909427
  ],
  "adaptive_half_ranks": [
    0,
    1,
    2,
    3,
    4,
    5,
    6,
    7,
    15,
    18,
    19,
    20,
    24,
    25,
    27
  ],
  "generic_half_ranks": [
    8,
    9,
    10,
    11,
    12,
    13,
    14,
    16,
    17,
    21,
    22,
    23,
    26,
    28,
    29
  ],
  "per_student": {
    "cd_l2": {
      "subspace_overlap": {
        "mean": 0.7749865233042652,
        "std": 0.09853597530705141
      },
      "diagonal_dominance": {
        "mean": 0.08284669211537173,
        "std": 0.047142815442834746,
        "random_baseline": 0.03333333333333333
      },
      "survival_per_rank": [
        0.1169407304808667,
        0.4088382603596303,
        0.5018650799802287,
        0.6221895804171671,
        0.6134222247088956,
        0.7932679413190026,
        0.7862382483572812,
        0.7902631488854606,
        0.8870306583955101,
        0.9767166115776028,
        0.9761425364259029,
        0.9560644893981955,
        0.9815915770697901,
        0.9748122815390967,
        0.9578975729345176,
        0.9222629568873042,
        0.9497386492900513,
        0.9035552394285548,
        0.9179651771914052,
        0.9452438031954771,
        0.8336480288469499,
        0.8377125921766156,
        0.7840663206862637,
        0.7242691162630595,
        0.7705883726104606,
        0.7015177714064506,
        0.7277499982010038,
        0.6721521195194116,
        0.747333297680856,
        0.46851131389494505
      ],
      "gahb_selectivity": {
        "spearman_rho": 0.6369299221357063,
        "spearman_p": 0.00015398308303536567,
        "P_adaptive_half": 0.6930935629443996,
        "P_generic_half": 0.8568794836641309,
        "ratio_generic_over_adaptive": 1.2363114151900354
      },
      "operator_cosine": {
        "mean": 0.28010940005632523,
        "std": 0.24450268781758921,
        "per_image": [
          0.09475489662984413,
          0.317409733606702,
          0.3240653681183623,
          0.2203645983442191,
          0.2200447782859338,
          0.09029729464974989,
          0.8003395939040696,
          0.6444523478972248,
          0.08137989145258243,
          0.00798549767456433
        ]
      },
      "progressive_overlap": {
        "O_5": 0.4030784617145888,
        "O_15": 0.6705250632220829,
        "O_30": 0.7749864727253184
      }
    },
    "cd_lpips": {
      "subspace_overlap": {
        "mean": 0.7805199447760257,
        "std": 0.09913867085564149
      },
      "diagonal_dominance": {
        "mean": 0.06789736781215454,
        "std": 0.04005300671341375,
        "random_baseline": 0.03333333333333333
      },
      "survival_per_rank": [
        0.1021639884748331,
        0.40483472592545977,
        0.5008330253120071,
        0.5958333314914322,
        0.5947980600607495,
        0.7944015196072844,
        0.7936420721203603,
        0.7953159816397561,
        0.8923982176060068,
        0.9823409131973762,
        0.9776513460962081,
        0.9619958956649907,
        0.9822313397638662,
        0.9752935049390352,
        0.9594667937418813,
        0.9589104971261598,
        0.9556707324445843,
        0.9102558990235273,
        0.9289152431466798,
        0.9538094403709423,
        0.8797199703264095,
        0.873041718842552,
        0.7721242062888792,
        0.8270228773304279,
        0.7720783696382874,
        0.7124412937535048,
        0.6893206163340965,
        0.7186122072959888,
        0.7376033415950082,
        0.41287121412247824
      ],
      "gahb_selectivity": {
        "spearman_rho": 0.6484983314794216,
        "spearman_p": 0.00010632569588123874,
        "P_adaptive_half": 0.7004206484193236,
        "P_generic_half": 0.8606192411327279,
        "ratio_generic_over_adaptive": 1.2287176899677419
      },
      "operator_cosine": {
        "mean": 0.2672178191412799,
        "std": 0.2486457639647893,
        "per_image": [
          0.08481455187361706,
          0.3201132592872707,
          0.32883989692170973,
          0.04659347463624676,
          0.22083640674512692,
          0.09125717970508364,
          0.7957529695684376,
          0.6416931610359579,
          0.07879516683473213,
          0.06348212480461679
        ]
      },
      "progressive_overlap": {
        "O_5": 0.39519439177466686,
        "O_15": 0.6761918319410276,
        "O_30": 0.7805198953487202
      }
    },
    "ct": {
      "subspace_overlap": {
        "mean": 0.7562145005625464,
        "std": 0.10081662946285412
      },
      "diagonal_dominance": {
        "mean": 0.09052945162824641,
        "std": 0.05591099179635933,
        "random_baseline": 0.03333333333333333
      },
      "survival_per_rank": [
        0.10203631969444409,
        0.39830003895185734,
        0.4835777953976357,
        0.5804339818608375,
        0.5861317484975482,
        0.7763924899200069,
        0.7539051745333726,
        0.7750434179568566,
        0.8836096674070213,
        0.9579373571800597,
        0.976819254966521,
        0.9705019010177629,
        0.9629371113097889,
        0.9271229777200822,
        0.9437808188932651,
        0.9447211033012067,
        0.94287240845008,
        0.8894783714864559,
        0.846840206974241,
        0.9409219250799163,
        0.8780840665172981,
        0.8696256748321683,
        0.7617857232684563,
        0.7420849119045961,
        0.7165899962396542,
        0.6559613880102493,
        0.5282218754868523,
        0.7158973681928836,
        0.567578839330778,
        0.6072411024944943
      ],
      "gahb_selectivity": {
        "spearman_rho": 0.6484983314794216,
        "spearman_p": 0.00010632569588123874,
        "P_adaptive_half": 0.6769891347418672,
        "P_generic_half": 0.8354398663832254,
        "ratio_generic_over_adaptive": 1.2340521043968316
      },
      "operator_cosine": {
        "mean": 0.26849818945683146,
        "std": 0.252146478430886,
        "per_image": [
          0.1163260910597065,
          0.3311151502519883,
          0.32341857427606696,
          0.040416338199391874,
          0.21044008021453364,
          0.09054639813810736,
          0.849885572446593,
          0.5855337028907541,
          0.07924863074962388,
          0.05805135634154889
        ]
      },
      "progressive_overlap": {
        "O_5": 0.3721486420130716,
        "O_15": 0.6578072807544098,
        "O_30": 0.7562144501891057
      }
    }
  }
}