{
  "experiment": "final_replication",
  "image_indices": [
    10,
    11,
    12,
    13,
    14,
    15,
    16,
    17,
    18,
    19,
    20,
    21,
    22,
    23,
    24,
    25,
    26,
    27,
    28,
    29,
    30,
    31,
    32,
    33,
    34,
    35,
    36,
    37,
    38,
    39
  ],
  "sigma_primary": 0.8,
  "sigma_secondary": 1.5,
  "n_primary": 30,
  "n_secondary": 10,
  "cross_sim_08": {
    "teacher": {
      "top8_cos": 0.0828348977774353,
      "over_random": 11.508371702967944,
      "per_rank_cos": [
        0.047394964523444855,
        0.08646215356089544,
        0.0743130208984962,
        0.06704190386811823,
        0.0745548524753319,
        0.10298831689023633,
        0.10796424569378088,
        0.10195972430917846,
        0.10891860763712294,
        0.10260720202455434,
        0.10460215020147366,
        0.10523766961243758,
        0.10522828583154645,
        0.11768371240308123,
        0.12450381854078037,
        0.11819772652013164,
        0.1231090955678427,
        0.12851660064804293,
        0.12108377922666205,
        0.11748306436314322,
        0.1161176790396319,
        0.12986832500285544,
        0.11376753765326957,
        0.135543816643379,
        0.1222521111430686,
        0.13521318826182135,
        0.13385671821647677,
        0.12891522669982722,
        0.12841089191396945,
        0.12977893754743552
      ]
    },
    "cd_l2": {
      "top8_cos": 0.27105150904590747,
      "over_random": 37.657576703141814,
      "per_rank_cos": [
        0.42493068840697235,
        0.35085396617918607,
        0.2899573803258439,
        0.2532501357125825,
        0.2316648611670424,
        0.20743805573846416,
        0.21196152307093144,
        0.1983554617662368,
        0.18978023344715095,
        0.1654493930235762,
        0.16457634063801546,
        0.18954183107520314,
        0.17477987161783995,
        0.15488319576814258,
        0.16412475471780902,
        0.1552445499740284,
        0.1437527880623894,
        0.15640459564225426,
        0.1460167458869688,
        0.14141505280316904,
        0.14316788138554098,
        0.14278057844795544,
        0.1454074212895899,
        0.13644927259020764,
        0.13219713305133854,
        0.13979093338170184,
        0.1309522290499988,
        0.14205281676446227,
        0.14211638469099142,
        0.1289604323316665
      ]
    },
    "cd_lpips": {
      "top8_cos": 0.270725321274414,
      "over_random": 37.61225896605236,
      "per_rank_cos": [
        0.4457043437244392,
        0.34876429434897827,
        0.28258973093938894,
        0.22910303681896166,
        0.23142283190384336,
        0.21656366315638198,
        0.2207123341424198,
        0.19094233516089876,
        0.19147700976965756,
        0.18128298160930476,
        0.17564036903967117,
        0.18183285811616257,
        0.16876646467837794,
        0.16110136301481517,
        0.15556352303588183,
        0.1554290792016291,
        0.1464587576023635,
        0.1466439226342515,
        0.15776526015251874,
        0.1521736684993937,
        0.1392844376304112,
        0.1375688609849105,
        0.14074593177065253,
        0.1487111189956616,
        0.13888168474017032,
        0.14408752126030452,
        0.12620557174086572,
        0.13556193629247618,
        0.14058605045850936,
        0.14068986626085023
      ]
    },
    "ct": {
      "top8_cos": 0.2648890130036516,
      "over_random": 36.80141224860356,
      "per_rank_cos": [
        0.4924230903590462,
        0.28759040906008376,
        0.26160393653373265,
        0.2528143709097272,
        0.22702625652817987,
        0.21082385552875782,
        0.21019567434044406,
        0.17663451076924117,
        0.167859204407867,
        0.16973532670894745,
        0.14678561429268328,
        0.143178620999786,
        0.13995919587657968,
        0.12943513986130042,
        0.1377257498061477,
        0.12600401178344914,
        0.15004286609119039,
        0.1170905609138781,
        0.13265705128553612,
        0.11740700617090039,
        0.1261613243152441,
        0.13125613840168407,
        0.11512631419510848,
        0.13517894398945587,
        0.12327608038783716,
        0.13046159554305004,
        0.11758369658110214,
        0.11846666320751624,
        0.10659226672670365,
        0.12137072071561526
      ]
    }
  },
  "cross_sim_15": {
    "teacher": {
      "top8_cos": 0.06536724613332706,
      "over_random": 9.081565691346151,
      "per_rank_cos": [
        0.046038997752798926,
        0.05299324296000931,
        0.07946840804070235,
        0.0566838215622637,
        0.08129784612812929,
        0.07005600197654631,
        0.06611277853242226,
        0.07028687211374442,
        0.04589980577584356,
        0.04500579730504089,
        0.06834176542922958,
        0.05933738202762066,
        0.06765961631382299,
        0.09362478540731697,
        0.08418536134090068,
        0.11326733233096699,
        0.07209034671411953,
        0.11844627678834109,
        0.1033867707889941,
        0.09644973025424405,
        0.08468025320196627,
        0.1110686675968787,
        0.11819110998120676,
        0.12494823067423164,
        0.12309108621104517,
        0.11936638758892917,
        0.10456333282507128,
        0.12238711236277595,
        0.10353338599606003,
        0.1319894103669665
      ]
    },
    "cd_l2": {
      "top8_cos": 0.06598470889289779,
      "over_random": 9.16735068222008,
      "per_rank_cos": [
        0.05838746340014041,
        0.021558399635574058,
        0.05701559412280201,
        0.0639671180371402,
        0.07553476970642806,
        0.06688721051161539,
        0.1105198352649394,
        0.07400728046454283,
        0.1217916609822876,
        0.10449016696657054,
        0.12599959493511254,
        0.1286809359340825,
        0.0880993003750013,
        0.08209473364727779,
        0.09006552674270804,
        0.09202942595713669,
        0.09114113435045712,
        0.09923852473083469,
        0.10065486137755215,
        0.1275366269879871,
        0.1322735868394375,
        0.10020991036047538,
        0.11186718468864759,
        0.12045704662385914,
        0.09776439737632042,
        0.11813686045093669,
        0.11620979582269987,
        0.12552111208852795,
        0.08640329947488176,
        0.12878402753008736
      ]
    },
    "cd_lpips": {
      "top8_cos": 0.1898997407843126,
      "over_random": 26.383044608989138,
      "per_rank_cos": [
        0.12492915853444073,
        0.11065325709835937,
        0.2428091782455643,
        0.16118311822517878,
        0.20636254453307223,
        0.22131105408900315,
        0.2651130360447698,
        0.1868365795041124,
        0.17357784459988276,
        0.17101287096738815,
        0.1782181332508723,
        0.20428778036601014,
        0.16333195364309683,
        0.21365726639827093,
        0.12535634338855745,
        0.13653751857992674,
        0.1868912590460645,
        0.16623845404634874,
        0.12536464906815026,
        0.13210893852843178,
        0.14879417729874453,
        0.12661273640890916,
        0.11286717858165503,
        0.14581339123865797,
        0.15675312969833613,
        0.14357075887835688,
        0.1488960056979623,
        0.15628673202461665,
        0.12879124523864852,
        0.13538263995821279
      ]
    },
    "ct": {
      "top8_cos": 0.24414178980255707,
      "over_random": 33.91897063511639,