{
  "experiment": "phase_d_celeba_memorization",
  "img_idx": 0,
  "sigma": 0.15,
  "K_halko": 30,
  "p_over": 10,
  "seed_eig": 42,
  "N_values": [
    1,
    10,
    100,
    1000
  ],
  "note_N_100k": "N=10^5 checkpoint not publicly released; full generalization regime unavailable",
  "per_N": {
    "1": {
      "N": 1,
      "sigma": 0.15,
      "lambda0": 0.9250055551528931,
      "lambda19": 0.04662211611866951,
      "lambda19_ratio": 0.05040198564529419,
      "r_eff": 8.508237838745117,
      "eigs": [
        0.9250055551528931,
        0.39087703824043274,
        0.23145368695259094,
        0.14648209512233734,
        0.1308070719242096,
        0.12328583747148514,
        0.09305621683597565,
        0.08958739042282104,
        0.08239709585905075,
        0.07787695527076721,
        0.07356066256761551,
        0.06975112855434418,
        0.06797826290130615,
        0.0651879608631134,
        0.0644620954990387,
        0.06094811484217644,
        0.057262226939201355,
        0.05395478755235672,
        0.04955504462122917,
        0.04662211611866951,
        0.04529991000890732,
        0.04428498074412346,
        0.03827032074332237,
        0.035969920456409454,
        0.03266396000981331,
        0.02810363657772541,
        0.025942394509911537,
        0.019209863618016243,
        0.009323587641119957,
        0.006692590657621622
      ],
      "coeffs_sq": [
        594.4398803710938,
        20.242713928222656,
        0.572360098361969,
        1.1216577291488647,
        0.0335075780749321,
        0.08689557760953903,
        0.06123686954379082,
        0.7388263940811157,
        0.005952405743300915,
        0.18258985877037048,
        0.009620723314583302,
        0.031017808243632317,
        0.0860564112663269,
        0.013771983794867992,
        0.014668788760900497,
        0.005077009554952383,
        0.0511484369635582,
        0.002594492631033063,
        0.05828274041414261,
        0.008544373326003551,
        0.32192060351371765,
        0.10932658612728119,
        0.004239008296281099,
        0.29112380743026733,
        0.00878140889108181,
        0.06038448587059975,
        0.03959636390209198,
        0.01570676453411579,
        0.0054968916811048985,
        0.03069308213889599
      ],
      "drr_top8": [
        0.8079151511192322,
        0.632721483707428,
        0.939419686794281,
        0.7860698699951172,
        1.0330313444137573,
        1.3843849897384644,
        0.7856866121292114,
        0.6277804374694824
      ],
      "drr_median": 0.7969925105571747,
      "drr_n_below_1": 6,
      "drr_wilcoxon_p": 0.125,
      "drr_null_mean": 0.9930885112285615
    },
    "10": {
      "N": 10,
      "sigma": 0.15,
      "lambda0": 1.5308047533035278,
      "lambda19": 0.03177950531244278,
      "lambda19_ratio": 0.020759999752044678,
      "r_eff": 10.898747444152832,
      "eigs": [
        1.5308047533035278,
        1.4387686252593994,
        1.1079843044281006,
        0.9101637005805969,
        0.7568446397781372,
        0.7065876126289368,
        0.6583400964736938,
        0.5396838188171387,
        0.4917665719985962,
        0.3736018240451813,
        0.31455397605895996,
        0.2307569533586502,
        0.21138058602809906,
        0.15427306294441223,
        0.11738692224025726,
        0.09689188003540039,
        0.06772897392511368,
        0.052591826766729355,
        0.039909254759550095,
        0.03177950531244278,
        0.014528688043355942,
        0.0033736114855855703,
        0.0,
        0.0,
        0.0,
        0.0,
        0.0,
        0.0,
        0.0,
        0.0
      ],
      "coeffs_sq": [
        14.150124549865723,
        13.896632194519043,
        269.39501953125,
        53.523765563964844,
        56.08073425292969,
        5.119741439819336,
        156.38864135742188,
        31.97382354736328,
        3.862523317337036,
        23.429548263549805,
        5.8546833992004395,
        0.032800450921058655,
        0.294011652469635,
        1.5637328624725342,
        0.057354819029569626,
        0.3924728333950043,
        0.10036443173885345,
        0.8426332473754883,
        0.12068469822406769,
        0.5342671871185303,
        0.02207185886800289,
        0.008631214499473572,
        0.1884768158197403,
        1.1892482042312622,
        0.10088559240102768,
        0.0373915359377861,
        0.764462947845459,
        0.08790374547243118,
        0.4854734241962433,
        0.18090544641017914
      ],
      "drr_top8": [
        0.6515501141548157,
        0.6161630749702454,
        0.5052832365036011,
        0.8298343420028687,
        0.6325428485870361,
        0.672308087348938,
        0.5435242652893066,
        0.5324506759643555
      ],
      "drr_median": 0.6243529617786407,
      "drr_n_below_1": 8,
      "drr_wilcoxon_p": 0.00390625,
      "drr_null_mean": 0.989751728773117
    },
    "100": {
      "N": 100,
      "sigma": 0.15,
      "lambda0": 4.4366278648376465,
      "lambda19": 0.08249305188655853,
      "lambda19_ratio": 0.01859363727271557,
      "r_eff": 8.39835262298584,
      "eigs": [
        4.4366278648376465,
        3.8036537170410156,
        1.6797481775283813,
        1.5307384729385376,
        1.4293028116226196,
        1.0901427268981934,
        0.9140358567237854,
        0.8339905738830566,
        0.6658554673194885,
        0.6435920000076294,
        0.4861460030078888,
        0.4553900957107544,
        0.34682878851890564,
        0.30444276332855225,
        0.264504998922348,
        0.19478800892829895,
        0.16366271674633026,
        0.1277431845664978,
        0.09410597383975983,
        0.08249305188655853,
        0.047004230320453644,
        0.009361055679619312,
        0.0,
        0.0,
        0.0,
        0.0,
        0.0,
        0.0,
        0.0,
        0.0
      ],
      "coeffs_sq": [
        11.540932655334473,
        0.00017767492681741714,
        13.634637832641602,
        14.296345710754395,
        26.059097290039062,
        11.759063720703125,
        31.777490615844727,
        303.5795593261719,
        83.76714324951172,
        20.598976135253906,
        1.1918554306030273,
        12.46010684967041,
        0.1059463769197464,
        2.44905424118042,
        11.69228458404541,
        3.9822161197662354,
        3.4199554920196533,
        1.6494932174682617,
        2.9287354946136475,
        1.5294930934906006,
        0.7832258343696594,
        1.2906832695007324,
        0.017502451315522194,
        0.16858722269535065,
        0.0010700192069634795,
        0.38664984703063965,
        0.47272953391075134,
        0.8226009011268616,
        2.194697618484497,
        0.039097920060157776
      ],
      "drr_top8": [
        0.32616934180259705,
        0.284834623336792,
        0.42725175619125366,
        0.4080131947994232,
        0.41190364956855774,
        0.41750743985176086,
        0.42379340529441833,
        0.6783373355865479
      ],
      "drr_median": 0.4147055447101593,
      "drr_n_below_1": 8,
      "drr_wilcoxon_p": 0.00390625,
      "drr_null_mean": 1.007096596956253
    },
    "1000": {
      "N": 1000,
      "sigma": 0.15,
      "lambda0": 2.187082529067993,
      "lambda19": 0.25688475370407104,
      "lambda19_ratio": 0.11745544523000717,
      "r_eff": 16.681503295898438,